{
  "modPriorities": [
    "minecraft",
    "alltheores",
    "allthemodium",
    "kubejs",
    "thermal",
    "mekanism",
    "create",
    "immersiveengineering",
    "occultism",
    "ae2",
    "ftbic",
    "chemlib",
    "biggerreactors",
    "createaddition",
    "silentgear",
    "blue_skies",
    "botania"
  ],
  "stoneStrata": [
    "stone",
    "nether",
    "deepslate",
    "granite",
    "diorite",
    "andesite"
  ],
  "tags": [
    "forge:nuggets/{material}",
    "forge:dusts/{material}",
    "forge:gears/{material}",
    "forge:gems/{material}",
    "forge:ingots/{material}",
    "forge:raw_materials/{material}",
    "forge:ores/{material}",
    "forge:plates/{material}",
    "forge:rods/{material}",
    "forge:wires/{material}",
    "forge:storage_blocks/{material}",
    "forge:storage_blocks/raw_{material}",
    "forge:silicon"
  ],
  "materials": [
    "aeternium",
    "allthemodium",
    "aluminum",
    "amber",
    "apatite",
    "aquite",
    "azure_silver",
    "bitumen",
    "brass",
    "bronze",
    "charcoal",
    "charoite",
    "chrome",
    "cinnabar",
    "coal",
    "coal_coke",
    "cobalt",
    "constantan",
    "copper",
    "crimson_iron",
    "diamond",
    "electrum",
    "elementium",
    "emerald",
    "ender",
    "enderium",
    "falsite",
    "fluorite",
    "gold",
    "graphite",
    "horizonite",
    "iesnium",
    "invar",
    "iridium",
    "iron",
    "lapis",
    "lead",
    "lumium",
    "mithril",
    "netherite",
    "nickel",
    "obsidian",
    "osmium",
    "peridot",
    "platinum",
    "potassium_nitrate",
    "ruby",
    "sapphire",
    "signalum",
    "silver",
    "steel",
    "sulfur",
    "tin",
    "tungsten",
    "unobtainium",
    "uranium",
    "ventium",
    "vibranium",
    "zinc"
  ],
  "priorityOverrides": {},
  "tagOwnerships": {},
  "ignoredTags": [],
  "ignoredItems": [],
  "ignoredRecipeTypes": [
    "cucumber:shaped_tag"
  ],
  "ignoredRecipes": [],
  "itemsHidingJeiRei": true
}