{
  "__comment": "Instructions: https://blakesmods.com/docs/cucumber/tags-config",
  "forge:ingots/mithril": "null",
  "forge:ingots/platinum": "chemlib:platinum_ingot",
  "forge:dusts/niter": "chemlib:potassium_nitrate_dust",
  "forge:ingots/invar": "thermal:invar_ingot",
  "forge:ingots/iridium": "chemlib:iridium_ingot",
  "forge:silicon": "ae2:silicon",
  "forge:dusts/saltpeter": "immersiveengineering:dust_saltpeter",
  "forge:ingots/lumium": "thermal:lumium_ingot",
  "forge:ingots/chrome": "null",
  "forge:ingots/steel": "immersiveengineering:ingot_steel",
  "forge:ingots/constantan": "thermal:constantan_ingot",
  "forge:gems/sapphire": "thermal:sapphire",
  "forge:ingots/enderium": "thermal:enderium_ingot",
  "forge:dusts/sulfur": "chemlib:sulfur_dust",
  "forge:ingots/brass": "create:brass_ingot",
  "forge:rubber": "null",
  "forge:ingots/tungsten": "chemlib:tungsten_ingot",
  "forge:ingots/titanium": "chemlib:titanium_ingot",
  "forge:ingots/graphite": "bigreactors:graphite_ingot",
  "forge:gems/ruby": "thermal:ruby",
  "forge:ingots/bronze": "thermal:bronze_ingot",
  "forge:ingots/zinc": "create:zinc_ingot",
  "forge:ingots/lead": "chemlib:lead_ingot",
  "forge:gems/apatite": "thermal:apatite",
  "forge:ingots/tin": "chemlib:tin_ingot",
  "forge:ingots/uranium": "bigreactors:yellorium_ingot",
  "forge:ingots/nickel": "chemlib:nickel_ingot",
  "forge:ingots/electrum": "thermal:electrum_ingot",
  "forge:ingots/aluminum": "chemlib:aluminum_ingot",
  "forge:ingots/signalum": "thermal:signalum_ingot",
  "forge:ingots/silver": "chemlib:silver_ingot"
}